<?xml version="1.0" encoding="utf-8" standalone="yes"?>
<rss version="2.0" xmlns:atom="http://www.w3.org/2005/Atom">
  <channel>
    <title>Machine Learning. on Hila Calderon</title>
    <link>https://hicala.github.io/tags/machine-learning./</link>
    <description>Recent content in Machine Learning. on Hila Calderon</description>
    <generator>Hugo -- gohugo.io</generator>
    <language>en-us</language><atom:link href="https://hicala.github.io/tags/machine-learning./index.xml" rel="self" type="application/rss+xml" />
    <item>
      <title>Laura Project</title>
      <link>https://hicala.github.io/projects/machine_learning/</link>
      <pubDate>Sat, 20 May 2017 10:58:08 -0400</pubDate>
      
      <guid>https://hicala.github.io/projects/machine_learning/</guid>
      <description>*** Machine Learning. ***  Regression Reinforcement learning Deep learning Dimensionality reduction   About  | Contact  | Portfolio  | Projects | Resume</description>
    </item>
    
  </channel>
</rss>
