<?xml version="1.0" encoding="utf-8" standalone="yes"?>
<rss version="2.0" xmlns:atom="http://www.w3.org/2005/Atom">
  <channel>
    <title>Math &amp; Statistics. on Hila Calderon</title>
    <link>https://hicala.github.io/tags/math-statistics./</link>
    <description>Recent content in Math &amp; Statistics. on Hila Calderon</description>
    <generator>Hugo -- gohugo.io</generator>
    <language>en-us</language><atom:link href="https://hicala.github.io/tags/math-statistics./index.xml" rel="self" type="application/rss+xml" />
    <item>
      <title>Hamilton Project</title>
      <link>https://hicala.github.io/projects/math_stats/</link>
      <pubDate>Sun, 09 Apr 2017 10:58:08 -0400</pubDate>
      
      <guid>https://hicala.github.io/projects/math_stats/</guid>
      <description>*** Math &amp;amp; Statistics.***  BeautifulSoup Pandas Restore Scrappy URL Lib API Data Feed   About  | Contact  | Portfolio  | Projects | Resume</description>
    </item>
    
  </channel>
</rss>
