<?xml version="1.0" encoding="utf-8" standalone="yes"?>
<rss version="2.0" xmlns:atom="http://www.w3.org/2005/Atom">
  <channel>
    <title>Data Visualization on Hila Calderon</title>
    <link>https://hicala.github.io/tags/data-visualization/</link>
    <description>Recent content in Data Visualization on Hila Calderon</description>
    <generator>Hugo -- gohugo.io</generator>
    <language>en-us</language>
    <lastBuildDate>Sun, 20 May 2018 10:58:08 -0400</lastBuildDate><atom:link href="https://hicala.github.io/tags/data-visualization/index.xml" rel="self" type="application/rss+xml" />
    <item>
      <title>Belkis Project</title>
      <link>https://hicala.github.io/projects/data_visualization/</link>
      <pubDate>Sun, 20 May 2018 10:58:08 -0400</pubDate>
      
      <guid>https://hicala.github.io/projects/data_visualization/</guid>
      <description>*** Data visualization. ***  PowerBI MatplotLib Gplot SeaBorn D3.js Tableau   About  | Contact  | Portfolio  | Projects | Resume</description>
    </item>
    
  </channel>
</rss>
