<?xml version="1.0" encoding="utf-8" standalone="yes"?>
<rss version="2.0" xmlns:atom="http://www.w3.org/2005/Atom">
  <channel>
    <title>Data Mining on Hila Calderon</title>
    <link>https://hicala.github.io/tags/data-mining/</link>
    <description>Recent content in Data Mining on Hila Calderon</description>
    <generator>Hugo -- gohugo.io</generator>
    <language>en-us</language>
    <lastBuildDate>Sun, 09 Feb 2020 09:58:08 -0400</lastBuildDate><atom:link href="https://hicala.github.io/tags/data-mining/index.xml" rel="self" type="application/rss+xml" />
    <item>
      <title>A NBA Statistical Analytical Research: Atlanta Hawks Roster. 2019-2020</title>
      <link>https://hicala.github.io/projects/prj_hawks/</link>
      <pubDate>Sun, 09 Feb 2020 09:58:08 -0400</pubDate>
      
      <guid>https://hicala.github.io/projects/prj_hawks/</guid>
      <description>In this study the main goal is to evaluate the concentrations of the modern piracy incidents around the world. Modern-day pirates around the world share the legal designation of their historic brethren as “enemies of all mankind” because they disrupt and hinder the safe navigation of maritime vessels containing goods and people.
As we already know Piracy still exists in the 21st Century. Piracy is a global crime which impedes the free movement of ships containing people and goods, with its attendant economic ramifications.</description>
    </item>
    
    <item>
      <title>GDP Analysis in the contest of the economic development and income growth </title>
      <link>https://hicala.github.io/projects/prj_gdp/</link>
      <pubDate>Sun, 09 Feb 2020 09:58:08 -0400</pubDate>
      
      <guid>https://hicala.github.io/projects/prj_gdp/</guid>
      <description>I put together all the information related to the GDP and see it relationship per capita. It is already known that Per capita GDP is a metric that breaks down a country&amp;rsquo;s GDP per person and is calculated by dividing the GDP of a country by its population. Gross domestic product (GDP) is the market value of all final goods and services from a nation in a given year. Countries are sorted by nominal GDP estimates from financial and statistical institutions, which are calculated at market or government official exchange rates.</description>
    </item>
    
    <item>
      <title>The 21st Century Piracy Phenomenon. Exploring Contemporary Sea Piracy</title>
      <link>https://hicala.github.io/projects/prj_piracy/</link>
      <pubDate>Sun, 09 Feb 2020 09:58:08 -0400</pubDate>
      
      <guid>https://hicala.github.io/projects/prj_piracy/</guid>
      <description>In this study the main goal is to evaluate the concentrations of the modern piracy incidents around the world. Modern-day pirates around the world share the legal designation of their historic brethren as “enemies of all mankind” because they disrupt and hinder the safe navigation of maritime vessels containing goods and people.
As we already know Piracy still exists in the 21st Century. Piracy is a global crime which impedes the free movement of ships containing people and goods, with its attendant economic ramifications.</description>
    </item>
    
  </channel>
</rss>
