<?xml version="1.0" encoding="utf-8" standalone="yes"?>
<rss version="2.0" xmlns:atom="http://www.w3.org/2005/Atom">
  <channel>
    <title>Tags on Hila Calderon</title>
    <link>https://hicala.github.io/tags/</link>
    <description>Recent content in Tags on Hila Calderon</description>
    <generator>Hugo -- gohugo.io</generator>
    <language>en-us</language>
    <lastBuildDate>Sun, 09 Feb 2020 09:58:08 -0400</lastBuildDate><atom:link href="https://hicala.github.io/tags/index.xml" rel="self" type="application/rss+xml" />
    <item>
      <title>Data Mining</title>
      <link>https://hicala.github.io/tags/data-mining/</link>
      <pubDate>Sun, 09 Feb 2020 09:58:08 -0400</pubDate>
      
      <guid>https://hicala.github.io/tags/data-mining/</guid>
      <description></description>
    </item>
    
    <item>
      <title>Data cloud deployment</title>
      <link>https://hicala.github.io/tags/data-cloud-deployment/</link>
      <pubDate>Fri, 09 Aug 2019 10:58:08 -0400</pubDate>
      
      <guid>https://hicala.github.io/tags/data-cloud-deployment/</guid>
      <description></description>
    </item>
    
    <item>
      <title>Integrated development environment (IDE)</title>
      <link>https://hicala.github.io/tags/integrated-development-environment-ide/</link>
      <pubDate>Mon, 20 May 2019 10:58:08 -0400</pubDate>
      
      <guid>https://hicala.github.io/tags/integrated-development-environment-ide/</guid>
      <description></description>
    </item>
    
    <item>
      <title>Compilation</title>
      <link>https://hicala.github.io/tags/compilation/</link>
      <pubDate>Tue, 09 Apr 2019 10:58:08 -0400</pubDate>
      
      <guid>https://hicala.github.io/tags/compilation/</guid>
      <description></description>
    </item>
    
    <item>
      <title>Data Analytics</title>
      <link>https://hicala.github.io/tags/data-analytics/</link>
      <pubDate>Tue, 09 Apr 2019 10:58:08 -0400</pubDate>
      
      <guid>https://hicala.github.io/tags/data-analytics/</guid>
      <description></description>
    </item>
    
    <item>
      <title>Data Visualization</title>
      <link>https://hicala.github.io/tags/data-visualization/</link>
      <pubDate>Sun, 20 May 2018 10:58:08 -0400</pubDate>
      
      <guid>https://hicala.github.io/tags/data-visualization/</guid>
      <description></description>
    </item>
    
    <item>
      <title>Web scrapping</title>
      <link>https://hicala.github.io/tags/web-scrapping/</link>
      <pubDate>Sat, 09 Apr 2016 10:58:08 -0400</pubDate>
      
      <guid>https://hicala.github.io/tags/web-scrapping/</guid>
      <description></description>
    </item>
    
    <item>
      <title>Machine Learning.</title>
      <link>https://hicala.github.io/tags/machine-learning./</link>
      <pubDate>Mon, 01 Jan 0001 00:00:00 +0000</pubDate>
      
      <guid>https://hicala.github.io/tags/machine-learning./</guid>
      <description></description>
    </item>
    
    <item>
      <title>Math &amp; Statistics.</title>
      <link>https://hicala.github.io/tags/math-statistics./</link>
      <pubDate>Mon, 01 Jan 0001 00:00:00 +0000</pubDate>
      
      <guid>https://hicala.github.io/tags/math-statistics./</guid>
      <description></description>
    </item>
    
    <item>
      <title>Programming languages.</title>
      <link>https://hicala.github.io/tags/programming-languages./</link>
      <pubDate>Mon, 01 Jan 0001 00:00:00 +0000</pubDate>
      
      <guid>https://hicala.github.io/tags/programming-languages./</guid>
      <description></description>
    </item>
    
  </channel>
</rss>
