<?xml version="1.0" encoding="utf-8" standalone="yes"?>
<rss version="2.0" xmlns:atom="http://www.w3.org/2005/Atom">
  <channel>
    <title>Web scraping on Hila Calderon</title>
    <link>https://hicala.github.io/tags/web-scraping/</link>
    <description>Recent content in Web scraping on Hila Calderon</description>
    <generator>Hugo -- gohugo.io</generator>
    <language>en-us</language>
    <lastBuildDate>Thu, 09 Apr 2020 10:58:08 -0400</lastBuildDate><atom:link href="https://hicala.github.io/tags/web-scraping/index.xml" rel="self" type="application/rss+xml" />
    <item>
      <title>Walmart Project</title>
      <link>https://hicala.github.io/projects/web_scraping/</link>
      <pubDate>Thu, 09 Apr 2020 10:58:08 -0400</pubDate>
      
      <guid>https://hicala.github.io/projects/web_scraping/</guid>
      <description>*** Web scraping ***  BeautifulSoup Pandas Restore Scrappy URL Lib API Data Feed   About  | Contact  | Portfolio  | Projects</description>
    </item>
    
  </channel>
</rss>
