<?xml version="1.0" encoding="utf-8" standalone="yes"?>
<rss version="2.0" xmlns:atom="http://www.w3.org/2005/Atom">
  <channel>
    <title>Integrated development environment (IDE) on Hila Calderon</title>
    <link>https://hicala.github.io/tags/integrated-development-environment-ide/</link>
    <description>Recent content in Integrated development environment (IDE) on Hila Calderon</description>
    <generator>Hugo -- gohugo.io</generator>
    <language>en-us</language>
    <lastBuildDate>Mon, 20 May 2019 10:58:08 -0400</lastBuildDate><atom:link href="https://hicala.github.io/tags/integrated-development-environment-ide/index.xml" rel="self" type="application/rss+xml" />
    <item>
      <title>Mily Project</title>
      <link>https://hicala.github.io/projects/ide/</link>
      <pubDate>Mon, 20 May 2019 10:58:08 -0400</pubDate>
      
      <guid>https://hicala.github.io/projects/ide/</guid>
      <description>*** Integrated development environment (IDE) ***  BeautifulSoup Pandas Restore Scrappy URL Lib API Data Feed   About  | Contact  | Portfolio  | Projects | Resume</description>
    </item>
    
  </channel>
</rss>
