<?xml version="1.0" encoding="utf-8" standalone="yes"?>
<rss version="2.0" xmlns:atom="http://www.w3.org/2005/Atom">
  <channel>
    <title>Programming languages. on Hila Calderon</title>
    <link>https://hicala.github.io/tags/programming-languages./</link>
    <description>Recent content in Programming languages. on Hila Calderon</description>
    <generator>Hugo -- gohugo.io</generator>
    <language>en-us</language><atom:link href="https://hicala.github.io/tags/programming-languages./index.xml" rel="self" type="application/rss+xml" />
    <item>
      <title>Halifax Project</title>
      <link>https://hicala.github.io/projects/programming_languages/</link>
      <pubDate>Mon, 09 Apr 2018 10:58:08 -0400</pubDate>
      
      <guid>https://hicala.github.io/projects/programming_languages/</guid>
      <description>Programming languages.  Python R programming Json SPSS MatLab   About  | Contact  | Portfolio  | Projects | Resume</description>
    </item>
    
  </channel>
</rss>
